s2,,,,,,,,,,,,,,,,,,1,,,,,,,,,,,
,,,,,,,,,,,,,,,,acc,,,,,,,,,,,,,
,,,s5,,,,,,,,,,,,,,,,3,4,,,,,,,,,
,,,,,,,,,,,,,,,,r1,,,,,,,,,,,,,
,s6,,,,,,,,,,,,,,,,,,,,,,,,,,,,
,,,,s7,,,,,,,,,,,,,,,,,,,,,,,,,
,,s8,,,,,,,,,,,,,,,,,,,,,,,,,,,
,,,,,s9,,,,,,,,,,,,,,,,,,,,,,,,
,s10,,,,,,,,,,,,,,,,,,,,,,,,,,,,
,r3,,,,,,,,,,,,,,,,,,,,,,,,,,,,
s19,,,,,,,s14,s18,,s20,,s24,,s22,s23,,,,,,11,12,13,,,15,16,17,21
,,,,,,,,,,,,,,,,r2,,,,,,,,,,,,,
s19,,,,,,,s14,s18,,s20,,s24,,s22,s23,r5,,,,,25,12,13,,,15,16,17,21
,,,,,,s26,,,,,,,,,,,,,,,,,,,,,,,
,s27,,,,,,,,,,,,,,,,,,,,,,,,,,,,
,,,,,,s28,,,,,,,,,,,,,,,,,,,,,,,
,s29,,,,,,,,,,,,,,,,,,,,,,,,,,,,
,s30,,,,,,,,,,,,,,,,,,,,,,,,,,,,
,s31,,,,,,,,,,,,,,,,,,,,,,,,,,,,
,,,,,,,,,,s34,,,,,,,,,,,,,,32,33,,,,
,,,,,,r22,,,,,s35,,,,,,,,,,,,,,,,,,
,,,,,,r19,,,,,,,,,,,,,,,,,,,,,,,
,,,,s36,,,,,,,,,,,,,,,,,,,,,,,,,
,,,,s37,,,,,,,,,,,,,,,,,,,,,,,,,
,,,,,,r23,,,,,,,,,,,,,,,,,,,,,,,
,,,,,,,,,,,,,,,,r4,,,,,,,,,,,,,
,s38,,,,,,,,,,,,,,,,,,,,,,,,,,,,
r7,,,,,,,r7,r7,,r7,,r7,,r7,r7,r7,,,,,,,,,,,,,
,s39,,,,,,,,,,,,,,,,,,,,,,,,,,,,
r9,,,,,,,r9,r9,,r9,,r9,,r9,r9,r9,,,,,,,,,,,,,
r10,,,,,,,r10,r10,,r10,,r10,,r10,r10,r10,,,,,,,,,,,,,
r11,,,,,,,r11,r11,,r11,,r11,,r11,r11,r11,,,,,,,,,,,,,
,,,,,,r12,,,,,,,,,,,,,,,,,,,,,,,
,,,,,,r13,,,s40,,,,,,,,,,,,,,,,,,,,
,,,,,,r15,,,r15,,s41,,,,,,,,,,,,,,,,,,
,,,,,,,,,,s43,,s44,,,,,,,,,,,,,,,,,42
,,,,,,,,,,s46,,s48,,,,,,,,,,,,,,45,,,47
,,,,,,,,,,s50,,s48,,,,,,,,,,,,,,,,,49
r6,,,,,,,r6,r6,,r6,,r6,,r6,r6,r6,,,,,,,,,,,,,
r8,,,,,,,r8,r8,,r8,,r8,,r8,r8,r8,,,,,,,,,,,,,
,,,,,,,,,,s34,,,,,,,,,,,,,,51,33,,,,
,,,,,,,,,,,,s52,,,,,,,,,,,,,,,,,
,,,,,,r17,,,,,,,s53,,,,,,,,,,,,,,,,
,,,,,,r22,,,,,,,r22,,,,,,,,,,,,,,,,
,,,,,,r23,,,,,,,r23,,,,,,,,,,,,,,,,
,,,,,s54,,,,,,,,,,,,,,,,,,,,,,,,
,,,,,r22,,,,,,s55,,,,,,,,,,,,,,,,,,
,,,,,r19,,,,,,,,,,,,,,,,,,,,,,,,
,,,,,r23,,,,,,,,,,,,,,,,,,,,,,,,
,,,,,s56,,,,,,,,,,,,,,,,,,,,,,,,
,,,,,r22,,,,,,,,,,,,,,,,,,,,,,,,
,,,,,,r14,,,,,,,,,,,,,,,,,,,,,,,
,,,,,,r16,,,r16,,,,,,,,,,,,,,,,,,,,
,,,,,,,,,,s58,,s24,,,,,,,,,,,,,,,,,57
,r20,,,,,,,,,,,,,,,,,,,,,,,,,,,,
,,,,,,,,,,s60,,s61,,,,,,,,,,,,,,,,,59
,r21,,,,,,,,,,,,,,,,,,,,,,,,,,,,
,,,,,,r18,,,,,,,,,,,,,,,,,,,,,,,
,,,,,,r22,,,,,,,,,,,,,,,,,,,,,,,
,,,,,r17,,,,,,,,s62,,,,,,,,,,,,,,,,
,,,,,r22,,,,,,,,r22,,,,,,,,,,,,,,,,
,,,,,r23,,,,,,,,r23,,,,,,,,,,,,,,,,
,,,,,,,,,,s50,,s48,,,,,,,,,,,,,,,,,63
,,,,,r18,,,,,,,,,,,,,,,,,,,,,,,,
